-- 日本語のスピリチュアル系モックデータの挿入

-- 既存のモックデータをクリーンアップ（オプション）
-- TRUNCATE TABLE profile, post, event, hashtag CASCADE;

-- プロフィールデータの挿入
INSERT INTO profile (id, display_name, profile_text, prefecture, city, created_at, updated_at)
VALUES 
  ('550e8400-e29b-41d4-a716-446655440001', '光の導き手 明子', '魂の目醒めをサポートするライトワーカーです。瞑想指導歴15年。あなたの内なる光を見出すお手伝いをさせていただきます。', '東京都', '世田谷区', NOW(), NOW()),
  ('550e8400-e29b-41d4-a716-446655440002', '宇宙意識 龍馬', 'プレアデス系スターシード。高次元とのチャネリングを通じて、地球のアセンションをサポートしています。音声による宇宙メッセージをお届け。', '京都府', '京都市', NOW(), NOW()),
  ('550e8400-e29b-41d4-a716-446655440003', '癒しの音 さくら', 'クリスタルボウルとライトランゲージによるヒーリングセッションを提供。あなたの波動を高める音の魔法をお届けします。', '神奈川県', '鎌倉市', NOW(), NOW()),
  ('550e8400-e29b-41d4-a716-446655440004', '目醒めの案内人 健太', 'エネルギーワーカー、レイキマスター。日々の瞑想実践と霊的成長のためのガイダンスを音声で配信中。', '福岡県', '福岡市', NOW(), NOW()),
  ('550e8400-e29b-41d4-a716-446655440005', '天使のメッセンジャー 美咲', 'エンジェルカードリーダー。天使からのメッセージをあなたにお届けします。愛と光の中で生きる方法をシェア。', '大阪府', '大阪市', NOW(), NOW()),
  ('550e8400-e29b-41d4-a716-446655440006', 'アカシックリーダー 蓮', 'アカシックレコードへのアクセスを通じて、魂の記憶と使命を読み解きます。過去生リーディングも承ります。', '長野県', '松本市', NOW(), NOW()),
  ('550e8400-e29b-41d4-a716-446655440007', 'エナジーヒーラー 翔', 'チャクラバランシングとオーラクレンジングの専門家。あなたのエネルギーフィールドを整え、本来の輝きを取り戻すサポートをします。', '沖縄県', '那覇市', NOW(), NOW()),
  ('550e8400-e29b-41d4-a716-446655440008', '覚醒のファシリテーター 真理子', 'クンダリーニ覚醒の体験者。安全な覚醒プロセスのガイダンスと、統合のサポートを提供しています。', '北海道', '札幌市', NOW(), NOW());

-- ハッシュタグの挿入
INSERT INTO hashtag (id, name, use_count, created_at)
VALUES
  ('660e8400-e29b-41d4-a716-446655440001', '目醒め', 150, NOW()),
  ('660e8400-e29b-41d4-a716-446655440002', 'アセンション', 120, NOW()),
  ('660e8400-e29b-41d4-a716-446655440003', 'ライトワーカー', 100, NOW()),
  ('660e8400-e29b-41d4-a716-446655440004', 'スターシード', 95, NOW()),
  ('660e8400-e29b-41d4-a716-446655440005', '瞑想', 200, NOW()),
  ('660e8400-e29b-41d4-a716-446655440006', 'エネルギーワーク', 80, NOW()),
  ('660e8400-e29b-41d4-a716-446655440007', 'チャネリング', 75, NOW()),
  ('660e8400-e29b-41d4-a716-446655440008', 'ヒーリング', 180, NOW()),
  ('660e8400-e29b-41d4-a716-446655440009', 'ライトランゲージ', 60, NOW()),
  ('660e8400-e29b-41d4-a716-446655440010', 'クリスタル', 90, NOW()),
  ('660e8400-e29b-41d4-a716-446655440011', '高次元', 110, NOW()),
  ('660e8400-e29b-41d4-a716-446655440012', 'ツインレイ', 85, NOW()),
  ('660e8400-e29b-41d4-a716-446655440013', 'アカシックレコード', 70, NOW()),
  ('660e8400-e29b-41d4-a716-446655440014', 'レイキ', 95, NOW()),
  ('660e8400-e29b-41d4-a716-446655440015', 'オーラ', 105, NOW());

-- 投稿データの挿入
INSERT INTO post (id, user_id, content_type, text_content, duration_seconds, created_at, updated_at)
VALUES
  ('770e8400-e29b-41d4-a716-446655440001', '550e8400-e29b-41d4-a716-446655440001', 'audio', '今朝の瞑想で受け取った光のメッセージ。あなたの内なる平和を見つける誘導瞑想です。', 1200, NOW() - INTERVAL '1 day', NOW() - INTERVAL '1 day'),
  ('770e8400-e29b-41d4-a716-446655440002', '550e8400-e29b-41d4-a716-446655440002', 'audio', 'プレアデスからの緊急メッセージ：地球のアセンションが加速しています。今こそ光の柱となりましょう。', 1800, NOW() - INTERVAL '2 days', NOW() - INTERVAL '2 days'),
  ('770e8400-e29b-41d4-a716-446655440003', '550e8400-e29b-41d4-a716-446655440003', 'audio', 'クリスタルボウルによる528Hzの愛の周波数ヒーリング。DNAの活性化をサポートします。', 2400, NOW() - INTERVAL '3 days', NOW() - INTERVAL '3 days'),
  ('770e8400-e29b-41d4-a716-446655440004', '550e8400-e29b-41d4-a716-446655440001', 'text', '本日の気づき：私たちは皆、無限の可能性を秘めた光の存在です。今日も自分の内なる光を信じて、愛と感謝の中で過ごしましょう。✨', NULL, NOW() - INTERVAL '4 hours', NOW() - INTERVAL '4 hours'),
  ('770e8400-e29b-41d4-a716-446655440005', '550e8400-e29b-41d4-a716-446655440004', 'audio', '第3チャクラ活性化のためのエネルギーワーク実践ガイド。個人の力を取り戻しましょう。', 900, NOW() - INTERVAL '5 days', NOW() - INTERVAL '5 days'),
  ('770e8400-e29b-41d4-a716-446655440006', '550e8400-e29b-41d4-a716-446655440005', 'audio', '大天使ミカエルからの保護と勇気のメッセージ。恐れを手放し、愛の中で前進する方法。', 1500, NOW() - INTERVAL '6 days', NOW() - INTERVAL '6 days'),
  ('770e8400-e29b-41d4-a716-446655440007', '550e8400-e29b-41d4-a716-446655440006', 'text', 'アカシックリーディングより：今、地球は大きな転換期を迎えています。一人一人の意識の目醒めが、集合意識の変容を創造します。', NULL, NOW() - INTERVAL '7 days', NOW() - INTERVAL '7 days'),
  ('770e8400-e29b-41d4-a716-446655440008', '550e8400-e29b-41d4-a716-446655440007', 'audio', '7つのチャクラを整える音声ガイド瞑想。各チャクラに対応した周波数と言霊を使用。', 2100, NOW() - INTERVAL '8 days', NOW() - INTERVAL '8 days'),
  ('770e8400-e29b-41d4-a716-446655440009', '550e8400-e29b-41d4-a716-446655440008', 'audio', 'クンダリーニエネルギーの安全な覚醒方法について。体験談と注意点をシェアします。', 3600, NOW() - INTERVAL '9 days', NOW() - INTERVAL '9 days'),
  ('770e8400-e29b-41d4-a716-446655440010', '550e8400-e29b-41d4-a716-446655440002', 'text', '11:11のポータルが開きました。今日は特別な宇宙エネルギーが降り注いでいます。瞑想と意図設定に最適な日です。', NULL, NOW() - INTERVAL '10 days', NOW() - INTERVAL '10 days');

-- 投稿とハッシュタグの関連付け
INSERT INTO post_hashtag (post_id, hashtag_id)
VALUES
  ('770e8400-e29b-41d4-a716-446655440001', '660e8400-e29b-41d4-a716-446655440001'), -- 目醒め
  ('770e8400-e29b-41d4-a716-446655440001', '660e8400-e29b-41d4-a716-446655440005'), -- 瞑想
  ('770e8400-e29b-41d4-a716-446655440002', '660e8400-e29b-41d4-a716-446655440002'), -- アセンション
  ('770e8400-e29b-41d4-a716-446655440002', '660e8400-e29b-41d4-a716-446655440004'), -- スターシード
  ('770e8400-e29b-41d4-a716-446655440003', '660e8400-e29b-41d4-a716-446655440008'), -- ヒーリング
  ('770e8400-e29b-41d4-a716-446655440003', '660e8400-e29b-41d4-a716-446655440010'), -- クリスタル
  ('770e8400-e29b-41d4-a716-446655440005', '660e8400-e29b-41d4-a716-446655440006'), -- エネルギーワーク
  ('770e8400-e29b-41d4-a716-446655440006', '660e8400-e29b-41d4-a716-446655440007'), -- チャネリング
  ('770e8400-e29b-41d4-a716-446655440007', '660e8400-e29b-41d4-a716-446655440013'), -- アカシックレコード
  ('770e8400-e29b-41d4-a716-446655440008', '660e8400-e29b-41d4-a716-446655440015'); -- オーラ

-- コメントデータの挿入
INSERT INTO comment (id, post_id, user_id, body, created_at)
VALUES
  ('880e8400-e29b-41d4-a716-446655440001', '770e8400-e29b-41d4-a716-446655440001', '550e8400-e29b-41d4-a716-446655440002', '素晴らしい瞑想でした。深い平和を感じることができました。ありがとうございます🙏', NOW() - INTERVAL '23 hours'),
  ('880e8400-e29b-41d4-a716-446655440002', '770e8400-e29b-41d4-a716-446655440001', '550e8400-e29b-41d4-a716-446655440003', '朝の瞑想に取り入れさせていただきます。光と愛をありがとう✨', NOW() - INTERVAL '20 hours'),
  ('880e8400-e29b-41d4-a716-446655440003', '770e8400-e29b-41d4-a716-446655440002', '550e8400-e29b-41d4-a716-446655440004', 'まさに今必要なメッセージでした。シンクロニシティを感じます。', NOW() - INTERVAL '1 day 12 hours'),
  ('880e8400-e29b-41d4-a716-446655440004', '770e8400-e29b-41d4-a716-446655440003', '550e8400-e29b-41d4-a716-446655440005', '528Hzの振動が心地よく、全身が浄化されていく感覚がありました。', NOW() - INTERVAL '2 days 8 hours');

-- いいねデータの挿入
INSERT INTO likes (id, post_id, user_id, created_at)
VALUES
  ('990e8400-e29b-41d4-a716-446655440001', '770e8400-e29b-41d4-a716-446655440001', '550e8400-e29b-41d4-a716-446655440002', NOW() - INTERVAL '23 hours'),
  ('990e8400-e29b-41d4-a716-446655440002', '770e8400-e29b-41d4-a716-446655440001', '550e8400-e29b-41d4-a716-446655440003', NOW() - INTERVAL '20 hours'),
  ('990e8400-e29b-41d4-a716-446655440003', '770e8400-e29b-41d4-a716-446655440001', '550e8400-e29b-41d4-a716-446655440004', NOW() - INTERVAL '18 hours'),
  ('990e8400-e29b-41d4-a716-446655440004', '770e8400-e29b-41d4-a716-446655440002', '550e8400-e29b-41d4-a716-446655440001', NOW() - INTERVAL '1 day 16 hours'),
  ('990e8400-e29b-41d4-a716-446655440005', '770e8400-e29b-41d4-a716-446655440002', '550e8400-e29b-41d4-a716-446655440004', NOW() - INTERVAL '1 day 12 hours'),
  ('990e8400-e29b-41d4-a716-446655440006', '770e8400-e29b-41d4-a716-446655440003', '550e8400-e29b-41d4-a716-446655440005', NOW() - INTERVAL '2 days 8 hours'),
  ('990e8400-e29b-41d4-a716-446655440007', '770e8400-e29b-41d4-a716-446655440003', '550e8400-e29b-41d4-a716-446655440006', NOW() - INTERVAL '2 days 6 hours');

-- イベントデータの挿入
INSERT INTO event (id, creator_user_id, name, description, event_type, location, starts_at, ends_at, fee, created_at)
VALUES
  ('AA0e8400-e29b-41d4-a716-446655440001', '550e8400-e29b-41d4-a716-446655440001', '満月の瞑想会', '満月のパワフルなエネルギーを活用した集団瞑想会。内なる光を活性化し、願望実現のエネルギーワークを行います。', 'online', 'オンライン（Zoom）', NOW() + INTERVAL '7 days', NOW() + INTERVAL '7 days 2 hours', 3000.00, NOW()),
  ('AA0e8400-e29b-41d4-a716-446655440002', '550e8400-e29b-41d4-a716-446655440002', 'スターシード覚醒ワークショップ', 'あなたの宇宙的起源を思い出し、地球での使命を明確にする3日間の集中ワークショップ。', 'workshop', '京都リトリートセンター', NOW() + INTERVAL '14 days', NOW() + INTERVAL '16 days', 88000.00, NOW()),
  ('AA0e8400-e29b-41d4-a716-446655440003', '550e8400-e29b-41d4-a716-446655440003', 'クリスタルボウル音浴会', '7つのチャクラに対応したクリスタルボウルによる深い癒しの音浴体験。', 'retreat', '鎌倉ヒーリングスペース', NOW() + INTERVAL '10 days', NOW() + INTERVAL '10 days 3 hours', 5000.00, NOW()),
  ('AA0e8400-e29b-41d4-a716-446655440004', '550e8400-e29b-41d4-a716-446655440006', 'アカシックレコードリーディング入門', 'アカシックレコードへのアクセス方法を学ぶ初心者向けワークショップ。', 'workshop', '東京スピリチュアルセンター', NOW() + INTERVAL '21 days', NOW() + INTERVAL '21 days 6 hours', 25000.00, NOW());

-- フォロー関係の挿入
INSERT INTO follow (id, follower_id, followee_id, follow_type, status, follow_reason, created_at)
VALUES
  ('BB0e8400-e29b-41d4-a716-446655440001', '550e8400-e29b-41d4-a716-446655440002', '550e8400-e29b-41d4-a716-446655440001', 'watch', 'active', '瞑想のガイダンスが素晴らしいです', NOW() - INTERVAL '30 days'),
  ('BB0e8400-e29b-41d4-a716-446655440002', '550e8400-e29b-41d4-a716-446655440003', '550e8400-e29b-41d4-a716-446655440001', 'watch', 'active', '光のメッセージに共感します', NOW() - INTERVAL '25 days'),
  ('BB0e8400-e29b-41d4-a716-446655440003', '550e8400-e29b-41d4-a716-446655440001', '550e8400-e29b-41d4-a716-446655440002', 'watch', 'active', '宇宙的な視点が勉強になります', NOW() - INTERVAL '20 days'),
  ('BB0e8400-e29b-41d4-a716-446655440004', '550e8400-e29b-41d4-a716-446655440004', '550e8400-e29b-41d4-a716-446655440003', 'family', 'active', 'ヒーリング仲間として繋がりたいです', NOW() - INTERVAL '15 days'),
  ('BB0e8400-e29b-41d4-a716-446655440005', '550e8400-e29b-41d4-a716-446655440005', '550e8400-e29b-41d4-a716-446655440006', 'watch', 'active', 'アカシックリーディングに興味があります', NOW() - INTERVAL '10 days');

-- ストーリーズデータの挿入（24時間で期限切れ）
INSERT INTO story (id, user_id, text_content, background_color, font_style, caption, expires_at, created_at)
VALUES
  ('CC0e8400-e29b-41d4-a716-446655440001', '550e8400-e29b-41d4-a716-446655440001', '今日のエネルギーは特別です✨\n浄化と統合の日', '#8B5CF6', 'serif', '宇宙からのサポートを感じてください', NOW() + INTERVAL '20 hours', NOW() - INTERVAL '4 hours'),
  ('CC0e8400-e29b-41d4-a716-446655440002', '550e8400-e29b-41d4-a716-446655440004', '第三の目が開く瞬間\n真実が見えてくる', '#3B82F6', 'cursive', '内なるビジョンを信頼しましょう', NOW() + INTERVAL '18 hours', NOW() - INTERVAL '6 hours');